[{"id":100,"nombre":"Carlos","apellido":"Kent","alias":"Superman","edad":"29","lado":"heroe","active":"true","created_dttm":"10/9/2018, 7:44:43 AM"},{"id":101,"nombre":"Pedro","apellido":"Cobblepot","alias":"Pinguino","edad":"48","lado":"villano","active":"true","created_dttm":"10/9/2018, 7:46:38 AM"},{"id":102,"nombre":"Miriam","apellido":"pena","alias":"penita","edad":"140","lado":"heroe","active":false,"created_dttm":"2018-11-25 22:18:43"},{"id":103,"nombre":"emilia","apellido":"fart","alias":"emfartie","edad":"10","lado":"heroe","active":"true","created_dttm":"2018-11-25 22:20:26"},{"id":104,"nombre":"culpa","apellido":"mslkm","alias":"cksdc","edad":"10","lado":"villano","active":false,"created_dttm":"2018-11-25 22:23:09"},{"id":105,"nombre":"noel","apellido":"pomo","alias":"pomin","edad":"10","lado":"villano","active":"true","created_dttm":"2018-11-25 22:24:20"},{"id":106,"nombre":"pepito","apellido":"locati","alias":"locasooo","edad":"10","lado":"villano","active":"true","created_dttm":"2018-11-25 22:48:25"},{"id":107,"nombre":"lover","apellido":"lover","alias":"l","edad":"12","lado":"villano","active":false,"created_dttm":"2018-11-25 22:52:11"},{"id":108,"nombre":"champagne","apellido":"pepe","alias":"down","edad":"14","lado":"heroe","active":false,"created_dttm":"2018-11-25 22:56:11"},{"id":109,"nombre":"loco","apellido":"locati","alias":"pepitp","edad":"16","lado":"villano","active":false,"created_dttm":"2018-11-25 22:57:46"},{"id":107,"nombre":"thank","apellido":"u","alias":"next","edad":"20","lado":"villano","active":"true","created_dttm":"2018-11-26 00:18:33"},{"id":108,"nombre":"champagne","apellido":"falling","alias":"down","edad":"14","lado":"heroe","active":"true","created_dttm":"2018-11-26 01:13:41"},{"id":109,"nombre":"joey","apellido":"badass","alias":"temptation","edad":"15","lado":"villano","active":"true","created_dttm":"2018-11-26 01:15:17"},{"id":110,"nombre":"fds","apellido":"fds","alias":"fds","edad":"fsd","lado":"heroe","active":"true","created_dttm":"2018-11-26 09:30:07"},{"id":111,"nombre":"ndj","apellido":"ndke","alias":"dnwkj","edad":"dnkjs","lado":"heroe","active":false,"created_dttm":"2018-11-27 09:42:29"}]