{
	"info": {
		"_postman_id": "2c59d7e8-8d98-41ac-a9e0-5ea7b16abfb7",
		"name": "ParcialProgV2",
		"schema": "https://schema.getpostman.com/json/collection/v2.1.0/collection.json"
	},
	"item": [
		{
			"name": "http://localhost:8080/DanielaGarat3/nexo.php?caso=cargarAlumno",
			"request": {
				"method": "POST",
				"header": [],
				"body": {
					"mode": "formdata",
					"formdata": [
						{
							"key": "nombre",
							"value": "brendon",
							"type": "text"
						},
						{
							"key": "apellido",
							"value": "urie",
							"type": "text"
						},
						{
							"key": "email",
							"value": "burie@gmail.com",
							"type": "text"
						},
						{
							"key": "foto",
							"type": "file",
							"value": ""
						}
					]
				},
				"url": {
					"raw": "http://localhost:8080/DanielaGarat3/nexo.php?caso=cargarAlumno",
					"protocol": "http",
					"host": [
						"localhost"
					],
					"port": "8080",
					"path": [
						"DanielaGarat3",
						"nexo.php"
					],
					"query": [
						{
							"key": "caso",
							"value": "cargarAlumno"
						}
					]
				}
			},
			"response": []
		},
		{
			"name": "http://localhost:8080/DanielaGarat3/nexo.php?caso=consultarAlumno&apellido=garat",
			"request": {
				"method": "GET",
				"header": [],
				"body": {
					"mode": "raw",
					"raw": ""
				},
				"url": {
					"raw": "http://localhost:8080/DanielaGarat3/nexo.php?caso=consultarAlumno&apellido=garat",
					"protocol": "http",
					"host": [
						"localhost"
					],
					"port": "8080",
					"path": [
						"DanielaGarat3",
						"nexo.php"
					],
					"query": [
						{
							"key": "caso",
							"value": "consultarAlumno"
						},
						{
							"key": "apellido",
							"value": "garat"
						}
					]
				}
			},
			"response": []
		},
		{
			"name": "http://localhost:8080/DanielaGarat3/nexo.php?caso=cargarMateria",
			"request": {
				"method": "POST",
				"header": [],
				"body": {
					"mode": "formdata",
					"formdata": [
						{
							"key": "nombreMateria",
							"value": "biologia",
							"type": "text"
						},
						{
							"key": "codigoMateria",
							"value": "b123",
							"type": "text"
						},
						{
							"key": "cupoAlumnos",
							"value": "10",
							"type": "text"
						},
						{
							"key": "aula",
							"value": "2",
							"type": "text"
						}
					]
				},
				"url": {
					"raw": "http://localhost:8080/DanielaGarat3/nexo.php?caso=cargarMateria",
					"protocol": "http",
					"host": [
						"localhost"
					],
					"port": "8080",
					"path": [
						"DanielaGarat3",
						"nexo.php"
					],
					"query": [
						{
							"key": "caso",
							"value": "cargarMateria"
						}
					]
				}
			},
			"response": []
		},
		{
			"name": "http://localhost:8080/DanielaGarat3/nexo.php?caso=inscribirAlumno&nombreAlumno=brendon&apellidoAlumno=urie&emailAlumno=burie@gmail.com&nombreMateria=biologia&codigoMateria=b123",
			"request": {
				"method": "GET",
				"header": [],
				"body": {
					"mode": "raw",
					"raw": ""
				},
				"url": {
					"raw": "http://localhost:8080/DanielaGarat3/nexo.php?caso=inscribirAlumno&nombreAlumno=brendon&apellidoAlumno=urie&emailAlumno=burie@gmail.com&nombreMateria=biologia&codigoMateria=b123",
					"protocol": "http",
					"host": [
						"localhost"
					],
					"port": "8080",
					"path": [
						"DanielaGarat3",
						"nexo.php"
					],
					"query": [
						{
							"key": "caso",
							"value": "inscribirAlumno"
						},
						{
							"key": "nombreAlumno",
							"value": "brendon"
						},
						{
							"key": "apellidoAlumno",
							"value": "urie"
						},
						{
							"key": "emailAlumno",
							"value": "burie@gmail.com"
						},
						{
							"key": "nombreMateria",
							"value": "biologia"
						},
						{
							"key": "codigoMateria",
							"value": "b123"
						}
					]
				}
			},
			"response": []
		},
		{
			"name": "http://localhost:8080/DanielaGarat3/nexo.php?caso=inscripciones",
			"request": {
				"method": "GET",
				"header": [],
				"body": {
					"mode": "raw",
					"raw": ""
				},
				"url": {
					"raw": "http://localhost:8080/DanielaGarat3/nexo.php?caso=inscripciones",
					"protocol": "http",
					"host": [
						"localhost"
					],
					"port": "8080",
					"path": [
						"DanielaGarat3",
						"nexo.php"
					],
					"query": [
						{
							"key": "caso",
							"value": "inscripciones"
						}
					]
				}
			},
			"response": []
		},
		{
			"name": "http://localhost:8080/DanielaGarat3/nexo.php?caso=alumnos",
			"request": {
				"method": "GET",
				"header": [],
				"body": {
					"mode": "raw",
					"raw": ""
				},
				"url": {
					"raw": "http://localhost:8080/DanielaGarat3/nexo.php?caso=alumnos",
					"protocol": "http",
					"host": [
						"localhost"
					],
					"port": "8080",
					"path": [
						"DanielaGarat3",
						"nexo.php"
					],
					"query": [
						{
							"key": "caso",
							"value": "alumnos"
						}
					]
				}
			},
			"response": []
		},
		{
			"name": "http://localhost:8080/DanielaGarat3/nexo.php?caso=modificarAlumno",
			"request": {
				"method": "POST",
				"header": [],
				"body": {
					"mode": "formdata",
					"formdata": [
						{
							"key": "nombre",
							"value": "danieli",
							"type": "text"
						},
						{
							"key": "apellido",
							"value": "garati",
							"type": "text"
						},
						{
							"key": "email",
							"value": "dgarat@gmail.com",
							"type": "text"
						},
						{
							"key": "foto",
							"value": "",
							"type": "file"
						}
					]
				},
				"url": {
					"raw": "http://localhost:8080/DanielaGarat3/nexo.php?caso=modificarAlumno",
					"protocol": "http",
					"host": [
						"localhost"
					],
					"port": "8080",
					"path": [
						"DanielaGarat3",
						"nexo.php"
					],
					"query": [
						{
							"key": "caso",
							"value": "modificarAlumno"
						}
					]
				}
			},
			"response": []
		}
	]
}